<beans xmlns="http://www.springframework.org/schema/beans"
      xmlns:xsi="http://www.w3.org/2001/XMLSchema-instance"
      xmlns:context="http://www.springframework.org/schema/context"
      xmlns:p="http://www.springframework.org/schema/p"
      xmlns:tx="http://www.springframework.org/schema/tx"
      xmlns:mvc="http://www.springframework.org/schema/mvc"
      xsi:schemaLocation="http://www.springframework.org/schema/beans
      https://www.springframework.org/schema/beans/spring-beans.xsd
      http://www.springframework.org/schema/context
      https://www.springframework.org/schema/context/spring-context.xsd
      http://www.springframework.org/schema/tx
      https://www.springframework.org/schema/tx/spring-tx.xsd">
 
     <tx:annotation-driven/>
     
 
    <context:component-scan base-package="productcrudapp" />   
     <bean 
         class = "org.springframework.web.servlet.view.InternalResourceViewResolver"
         name="viewResolver">
         <property name="prefix" value="/WEB-INF/views/"/>
         <property name="suffix" value=".jsp" />
     </bean> 
     
     <!--  Data Source -->
     
     <bean class="org.springframework.jdbc.datasource.DriverManagerDataSource" name="ds">
            <property name="driverClassName" 
                      value="com.mysql.cj.jdbc.Driver"/>
            <property name="url" 
                      value="jdbc:mysql://localhost:3306/productcrud"/>
            <property name="username"  value="root"/>
            <property name="password"  value="Vibha04@"/>      
      </bean>   
     
       <bean class="org.springframework.orm.hibernate5.LocalSessionFactoryBean"   
            name="factory">
            
            <!-- data source -->
            <property name="dataSource" ref="ds" /> 
            
            <!-- hibernate properties -->
            <property name="hibernateProperties">
               <props>
                   <prop key="hibernate.dialect">org.hibernate.dialect.MySQL8Dialect</prop>
                   <prop key="hibernate.show_sql">true</prop>
                   <prop key="hibernate.hbm2ddl.auto">update</prop>
               </props>
            </property>
            
          <!-- annotated class -->  
            <property name="annotatedClasses">
                  <list>
                      <value>productcrudapp.model.Product</value>
                  </list>
            </property>
   
      
      <!-- annotated class -->  
            
      </bean>


      <bean class="org.springframework.orm.hibernate5.HibernateTemplate"
            name="hibernateTemplate">
            <property name="sessionFactory" ref="factory"/>
      </bean>
      
      <bean class="org.springframework.orm.hibernate5.HibernateTransactionManager" 
            name="transactionManager">
           <property name="sessionFactory" ref="factory"></property>
      </bean>
       
 </beans>